Date,Title,Source,Keyword
2019-01-01,2018'de Türkiye ve Dünyada Ekonomi - Bianet,Google News,döviz krizi
2019-01-07,Gabon'da darbe girişimi: 'Darbeci iki asker öldürüldü' - BBC,Google News,askeri darbe girişimi
2019-01-07,"Video | Gabon'da askeri darbe girişimi, Hükümet: Durum kontrol altında - Euronews.com",Google News,askeri darbe girişimi
2019-01-07,Gabon'da askeri darbe girişimi - DW,Google News,askeri darbe girişimi
2019-01-07,Gabon'da Başarısız Askeri Darbe Girişimi - VOA Türkçe,Google News,askeri darbe girişimi
2019-01-08,Syria conflict: Turkey says US plea on Kurds 'unacceptable' - BBC,BBC News,Erdogan
2019-01-15,Turkey: Could the US damage its economy? - BBC,BBC News,inflation Turkey
2019-01-15,Turkey: Could the US damage its economy? - BBC,BBC News,central bank Turkey
2019-02-02,Turkey warned over Venezuela gold trade - BBC,BBC News,currency crisis Turkey
2019-02-04,Venezuela: All you need to know about the crisis in nine charts - BBC,BBC News,inflation Turkey
2019-02-04,Venezuela: All you need to know about the crisis in nine charts - BBC,BBC News,currency crisis Turkey
2019-03-20,Christchurch shootings: Why Turkey's Erdogan uses attack video - BBC,BBC News,inflation Turkey
2019-03-27,Why Erdogan's big Turkish ambitions could come tumbling down - BBC,BBC News,currency crisis Turkey
2019-03-27,Why Erdogan's big Turkish ambitions could come tumbling down - BBC,BBC News,inflation Turkey
2019-03-31,Algeria protests: Bouteflika appoints new government - BBC,BBC News,cabinet reshuffle
2019-04-01,Ekrem İmamoğlu kimdir? 3 ayda 2 kez İstanbul Büyükşehir Belediye Başkanı seçilen siyasetçi - BBC,Google News,Türkiye seçimi
2019-04-01,Turkey local elections: Setback for Erdogan in big cities - BBC,BBC News,currency crisis Turkey
2019-04-01,Turkey local elections: Setback for Erdogan in big cities - BBC,BBC News,Turkey elections
2019-04-02,Turkey election: Erdogan disputes results in major cities - BBC,BBC News,inflation Turkey
2019-04-02,Turkey election: Erdogan disputes results in major cities - BBC,BBC News,Turkey elections
2019-04-03,"Turkey AK party rulers are bad losers, says election 'winner' Imamoglu - BBC",BBC News,Turkey elections
2019-04-22,Iran oil: US to end sanctions exemptions for major importers - BBC,BBC News,inflation Turkey
2019-05-07,Istanbul re-run is a risky strategy for Erdogan - BBC,BBC News,inflation Turkey
2019-05-07,Turkey election re-run angers victorious opposition - BBC,BBC News,Turkey elections
2019-05-08,İstanbul seçimi yenileniyor: Partiler nasıl bir strateji izleyecek? - BBC,Google News,Türkiye seçimi
2019-06-09,Syrian rebel town buries goalie who became 'singer of the revolution' - Reuters,Reuters,Turkey president
2019-06-09,Syrian rebel town buries goalie who became 'singer of the revolution' - Reuters,Reuters,Turkey protest
2019-06-10,İstanbul seçimi: 23 Haziran’da kazanan ne kadar büyük bir ekonomiden sorumlu olacak? - BBC,Google News,Türkiye seçimi
2019-06-20,Cuntayı Akıncı'dan yöneten darbeci general Akın Öztürk'e 141 kez ağırlaştırılmış müebbet - Anadolu Ajansı,Google News,askeri darbe girişimi
2019-06-21,Istanbul vote re-run: Ambitious mayor takes on Erdogan's man - BBC,BBC News,Erdogan
2019-06-21,Istanbul vote re-run: Ambitious mayor takes on Erdogan's man - BBC,BBC News,inflation Turkey
2019-06-24,Ekrem Imamoglu - BBC,BBC News,Turkey protests
2019-06-24,Erdogan's party suffers blow after Istanbul re-run poll defeat - BBC,BBC News,Erdogan
2019-06-24,Erdogan's party suffers blow after Istanbul re-run poll defeat - BBC,BBC News,Turkey elections
2019-06-27,Former allies of Turkey's Erdogan plan rival party after Istanbul defeat - Reuters,Reuters,parliament Turkey
2019-06-27,Former allies of Turkey's Erdogan plan rival party after Istanbul defeat - Reuters,Reuters,Erdogan
2019-06-27,Former allies of Turkey's Erdogan plan rival party after Istanbul defeat - Reuters,Reuters,inflation Turkey
2019-06-27,Former allies of Turkey's Erdogan plan rival party after Istanbul defeat - Reuters,Reuters,Turkey election
2019-06-27,Former allies of Turkey's Erdogan plan rival party after Istanbul defeat - Reuters,Reuters,Turkey central bank
2019-06-27,Former allies of Turkey's Erdogan plan rival party after Istanbul defeat - Reuters,Reuters,currency crisis
2019-06-27,Former allies of Turkey's Erdogan plan rival party after Istanbul defeat - Reuters,Reuters,Turkey president
2019-07-02,Etiyopya'da darbe girişimi ne anlama geliyor? - Anadolu Ajansı,Google News,askeri darbe girişimi
2019-07-06,Turkey's Erdogan fires central bank chief Murat Cetinkaya - BBC,BBC News,central bank Turkey
2019-07-06,Turkey's Erdogan fires central bank chief Murat Cetinkaya - BBC,BBC News,interest rate Turkey
2019-07-06,Turkey's Erdogan fires central bank chief Murat Cetinkaya - BBC,BBC News,inflation Turkey
2019-07-06,Turkey's Erdogan fires central bank chief Murat Cetinkaya - BBC,BBC News,currency crisis Turkey
2019-07-13,Türkiye'nin en karanlık ve kanlı gecesinde yaşananlar - Anadolu Ajansı,Google News,askeri darbe girişimi
2019-07-25,Prime Minister Boris Johnson: Does his cabinet reflect 'modern Britain'? - BBC,BBC News,cabinet reshuffle
2019-08-19,Turkey removes three top Kurdish mayors in major crackdown - BBC,BBC News,Erdogan
2019-08-19,Turkey removes three top Kurdish mayors in major crackdown - BBC,BBC News,Turkey elections
2019-10-17,Turkey's Erdogan 'threw Trump's Syria letter in bin' - BBC,BBC News,currency crisis Turkey
2019-10-19,Turkey's Erdogan vows to 'crush heads' of Kurdish fighters - BBC,BBC News,Erdogan
2019-10-28,Chile's Piñera moves eight ministers after protests - BBC,BBC News,cabinet reshuffle
2019-12-09,Six charts that show how hard US sanctions have hit Iran - BBC,BBC News,central bank Turkey
2019-12-09,Six charts that show how hard US sanctions have hit Iran - BBC,BBC News,inflation Turkey
2019-12-17,Trump administration rejects Congress vote on Armenia 'genocide' - BBC,BBC News,Turkey elections
2019-12-26,Migrant crisis: Seven die as boat sinks in Turkey's Lake Van - BBC,BBC News,currency crisis Turkey
2020-01-02,Turkey risks falling deeper into Libya conflict as it deploys troops - BBC,BBC News,currency crisis Turkey
2020-01-03,Libya conflict: Turkish MPs approve bill to send troops - BBC,BBC News,Turkey elections
2020-01-06,Libya conflict: Turkey sends troops to shore up UN-backed government - BBC,BBC News,Erdogan
2020-01-12,Migrant crisis: Eight children die as boat sinks off Turkey - BBC,BBC News,currency crisis Turkey
2020-02-13,Alok Sharma to be president of UN climate conference - BBC,BBC News,cabinet reshuffle
2020-02-13,Sterling rallies after chancellor reshuffle - BBC,BBC News,cabinet reshuffle
2020-02-14,Reshuffle: Mordaunt back as Boris Johnson reshuffles non-cabinet ministers - BBC,BBC News,cabinet reshuffle
2020-02-14,Reshuffle 2020: Who is in Boris Johnson's new cabinet? - BBC,BBC News,cabinet reshuffle
2020-02-17,Cabinet reshuffles - BBC,BBC News,cabinet reshuffle
2020-02-19,Julian Smith: Boris Johnson approved Stormont agreement - BBC,BBC News,cabinet reshuffle
2020-02-28,Syria war: Refugees eye Europe as Turkey hits breaking point - BBC,BBC News,currency crisis Turkey
2020-02-29,Syria war: Turkey says thousands of migrants have crossed to EU - BBC,BBC News,Erdogan
2020-03-05,Erdogan and Putin's tense meeting in Moscow - BBC,BBC News,Erdogan
2020-04-30,Venezuela'daki başarısız darbe girişiminin üzerinden 1 yıl geçti - Anadolu Ajansı,Google News,askeri darbe girişimi
2020-05-20,Venezuela files legal claim with Bank of England over gold - BBC,BBC News,central bank Turkey
2020-06-23,Popular Turkish TV drama inspires statues in Pakistan - Reuters,Reuters,Turkey president
2020-08-18,Man killed during protests in Turkey - BBC,BBC News,Turkey protests
2020-08-20,Afrika'da darbeler son bulmuyor - Anadolu Ajansı,Google News,askeri darbe girişimi
2020-08-29,Tito Mboweni: South Africa's finance minster known for a Twitter roast chicken fail - BBC,BBC News,central bank Turkey
2020-09-01,Turkey detains top Islamic State commander in raid - BBC,BBC News,Turkey protests
2020-09-20,FinCEN Files: UAE central bank failed to prevent Iran sanctions evasion - BBC,BBC News,central bank Turkey
2020-09-20,"Kuzey Kıbrıs’taki Cumhurbaşkanlığı seçimi, müzakereleri ve Doğu Akdeniz’de dengeleri nasıl etkileyebilir? - BBC",Google News,Türkiye seçimi
2020-10-08,Kazakhstan's Kaspi valued at $6.5 billion in London IPO - bookrunner - Reuters,Reuters,Turkey central bank
2020-10-09,"Maraş'ın kısmen açılması, Kuzey Kıbrıs'ta seçimi nasıl etkiler? - BBC",Google News,Türkiye seçimi
2020-10-15,Viewpoint: Why Turkey is flexing its muscles abroad - BBC,BBC News,Erdogan
2020-10-18,Northern Cyprus: Right-wing nationalist Ersin Tatar elected president - BBC,BBC News,Turkey elections
2020-10-24,France recalls Turkey envoy after Erdogan says Macron needs 'mental check' - BBC,BBC News,Erdogan
2020-10-27,Turkish lira sinks amid Erdogan fury with allies - BBC,BBC News,central bank Turkey
2020-10-27,Turkish lira sinks amid Erdogan fury with allies - BBC,BBC News,interest rate Turkey
2020-10-27,Turkish lira sinks amid Erdogan fury with allies - BBC,BBC News,inflation Turkey
2020-10-28,Charlie Hebdo: Turkey vows legal action over Erdogan cartoon - BBC,BBC News,Erdogan
2020-11-07,Afghanistan violence: Former TV presenter Yama Siawash killed - BBC,BBC News,central bank Turkey
2020-11-26,Turkey court jails hundreds for life for 2016 coup plot against Erdogan - BBC,BBC News,coup attempt Turkey
2021-01-12,Canada's Justin Trudeau reshuffles top Cabinet officials - BBC,BBC News,cabinet reshuffle
2021-02-02,Turkey's Erdogan denounces LGBT youth as police arrest students - BBC,BBC News,Turkey protests
2021-02-24,Jamal Khashoggi: All you need to know about Saudi journalist's death - BBC,BBC News,inflation Turkey
2021-03-22,Turkish lira falls 15% after bank governor sacked - BBC,BBC News,inflation Turkey
2021-03-22,Turkish lira falls 15% after bank governor sacked - BBC,BBC News,interest rate Turkey
2021-03-22,Turkish lira falls 15% after bank governor sacked - BBC,BBC News,currency crisis Turkey
2021-03-25,Turkey Erdogan: Women rise up over withdrawal from Istanbul Convention - BBC,BBC News,interest rate Turkey
2021-03-25,Turkey Erdogan: Women rise up over withdrawal from Istanbul Convention - BBC,BBC News,central bank Turkey
2021-03-25,Turkey Erdogan: Women rise up over withdrawal from Istanbul Convention - BBC,BBC News,inflation Turkey
2021-03-28,Australia PM shifts rape-accused minister in cabinet reshuffle - BBC,BBC News,cabinet reshuffle
2021-04-07,Turkey coup: Top officers given life terms in mass trial - BBC,BBC News,Erdogan
2021-04-07,Turkey coup: Top officers given life terms in mass trial - BBC,BBC News,Turkey protests
2021-04-07,Turkey coup: Top officers given life terms in mass trial - BBC,BBC News,coup attempt Turkey
2021-04-15,Citigroup to exit consumer banking in 13 markets - BBC,BBC News,central bank Turkey
2021-04-26,Sofagate: EU chief Ursula von der Leyen blames sexism for Turkey chair snub - BBC,BBC News,Erdogan
2021-05-09,Elections 2021: Labour reshuffle delay leaves questions over Sir Keir Starmer's team - BBC,BBC News,cabinet reshuffle
2021-05-13,Wales election: New health and education ministers in reshuffle - BBC,BBC News,cabinet reshuffle
2021-05-17,"UK plastic waste being dumped and burned in Turkey, says Greenpeace - BBC",BBC News,interest rate Turkey
2021-05-19,Nicola Sturgeon appoints new health and education secretaries - BBC,BBC News,cabinet reshuffle
2021-05-25,Mali's coup leader Assimi Goïta seizes power again - BBC,BBC News,cabinet reshuffle
2021-06-01,İran'da bugün yapılan cumhurbaşkanlığı seçimi neden önemli? - BBC,Google News,Türkiye seçimi
2021-06-02,Mali'de darbe sonrası yeni başbakan belli oldu - Anadolu Ajansı,Google News,askeri darbe girişimi
2021-07-01,Turkiye Cumhuriyeti Ziraat Bankasi AS - Reuters,Reuters,Turkey central bank
2021-07-01,Turkiye Cumhuriyeti Ziraat Bankasi AS - Reuters,Reuters,Turkey president
2021-07-01,Turkiye Cumhuriyeti Ziraat Bankasi AS - Reuters,Reuters,Erdogan
2021-07-03,"Pandemi, döviz krizi, vergilerin ardından maliyet artışlarının yeni nedeni: Mal taşıyacak konteyner yok - Independent Türkçe",Google News,döviz krizi
2021-07-07,Narendra Modi: India PM announces his biggest cabinet reshuffle - BBC,BBC News,cabinet reshuffle
2021-07-15,Darbe girişiminin kilit noktası İstanbul'da yaşananlar - Anadolu Ajansı,Google News,askeri darbe girişimi
2021-09-11,Fas'ta Adalet ve Kalkınma Partisi seçimi neden kaybetti? - BBC,Google News,Türkiye seçimi
2021-09-15,Nadhim Zahawi announced as education secretary - BBC,BBC News,cabinet reshuffle
2021-09-15,Reshuffle: Boris Johnson fires Gavin Williamson as he rings cabinet changes - BBC,BBC News,cabinet reshuffle
2021-09-17,Reshuffle: Boris Johnson's new cabinet meets for first time - BBC,BBC News,cabinet reshuffle
2021-09-21,Sudan hükümeti: Ömer el-Beşir'in destekçilerinin darbe girişimini önledik - BBC,Google News,askeri darbe girişimi
2021-10-14,EXCLUSIVE Turkey set to receive 3.1 bln euro loans to help Paris climate goals -sources - Reuters,Reuters,Turkey protest
2021-10-14,EXCLUSIVE Turkey set to receive 3.1 bln euro loans to help Paris climate goals -sources - Reuters,Reuters,inflation Turkey
2021-10-14,EXCLUSIVE Turkey set to receive 3.1 bln euro loans to help Paris climate goals -sources - Reuters,Reuters,parliament Turkey
2021-10-14,EXCLUSIVE Turkey set to receive 3.1 bln euro loans to help Paris climate goals -sources - Reuters,Reuters,Turkey president
2021-10-14,EXCLUSIVE Turkey set to receive 3.1 bln euro loans to help Paris climate goals -sources - Reuters,Reuters,Erdogan
2021-10-14,EXCLUSIVE Turkey set to receive 3.1 bln euro loans to help Paris climate goals -sources - Reuters,Reuters,Turkey election
2021-10-23,Turkey moves to throw out US envoy and nine others - BBC,BBC News,Erdogan
2021-10-23,Turkey moves to throw out US envoy and nine others - BBC,BBC News,Turkey protests
2021-10-25,Sudan'da askeri darbe girişimi! Başbakanı ev hapsine aldılar - Ermeni haber ajansı,Google News,askeri darbe girişimi
2021-10-27,Sudan'da darbe: Afrika'da askeri müdahaleler neden artıyor? - BBC,Google News,askeri darbe girişimi
2021-11-02,Taliban bans foreign currencies in Afghanistan - BBC,BBC News,central bank Turkey
2021-11-02,Taliban bans foreign currencies in Afghanistan - BBC,BBC News,currency crisis Turkey
2021-11-02,Why Syrians face deportation from Turkey over banana jokes - BBC,BBC News,inflation Turkey
2021-11-14,"No turkey shortage, says British Poultry Council - BBC",BBC News,inflation Turkey
2021-11-18,Turkey releases Israeli couple arrested for spying over palace photos - BBC,BBC News,Erdogan
2021-11-23,Turkish lira nose-dives 15% as president defies critics - BBC,BBC News,inflation Turkey
2021-11-23,Turkish lira nose-dives 15% as president defies critics - BBC,BBC News,currency crisis Turkey
2021-11-23,"1994, 2001, 2008, 2018, 2021: Türkiye'de kriz dönemleri ve dolar kurunun hareketi - Diken",Google News,döviz krizi
2021-11-23,Turkish lira nose-dives 15% as president defies critics - BBC,BBC News,central bank Turkey
2021-11-23,Turkish lira nose-dives 15% as president defies critics - BBC,BBC News,interest rate Turkey
2021-11-24,Korkut Boratav anlattı: Döviz krizi neden oldu? Bundan sonra ne olur? - Gazete Duvar,Google News,döviz krizi
2021-11-26,Döviz Artışı Telefoncuları Vurdu - VOA Türkçe,Google News,döviz krizi
2021-12-01,Breakingviews - Turkey spends money it doesn’t have - Reuters,Reuters,Turkey central bank
2021-12-01,Breakingviews - Turkey spends money it doesn’t have - Reuters,Reuters,Erdogan
2021-12-01,Breakingviews - Turkey spends money it doesn’t have - Reuters,Reuters,Turkey president
2021-12-02,ÇEVİRİ | Erdoğan’ın lira krizi - Serbestiyet,Google News,döviz krizi
2021-12-02,"Yayıncılıkta döviz krizi: Kitaplar çıkmıyor, dergiler yayınlanmıyor - Bianet",Google News,döviz krizi
2021-12-02,Why Turkey's currency crash does not worry Erdogan - BBC,BBC News,central bank Turkey
2021-12-02,Why Turkey's currency crash does not worry Erdogan - BBC,BBC News,inflation Turkey
2021-12-02,Why Turkey's currency crash does not worry Erdogan - BBC,BBC News,Erdogan
2021-12-02,Why Turkey's currency crash does not worry Erdogan - BBC,BBC News,currency crisis Turkey
2021-12-02,Why Turkey's currency crash does not worry Erdogan - BBC,BBC News,Turkey protests
2021-12-02,Why Turkey's currency crash does not worry Erdogan - BBC,BBC News,interest rate Turkey
2021-12-07,Dominic Raab: PM says cabinet reshuffle nothing to do with Afghanistan - BBC,BBC News,cabinet reshuffle
2021-12-08,Istanbul preparing international bond to fund infrastructure - Reuters,Reuters,Turkey president
2021-12-08,Istanbul preparing international bond to fund infrastructure - Reuters,Reuters,Erdogan
2021-12-08,Istanbul preparing international bond to fund infrastructure - Reuters,Reuters,interest rate decision
2021-12-08,Istanbul preparing international bond to fund infrastructure - Reuters,Reuters,inflation Turkey
2021-12-08,Istanbul preparing international bond to fund infrastructure - Reuters,Reuters,Turkey election
2021-12-16,Turkey cuts interest rates despite spiralling inflation - BBC,BBC News,interest rate Turkey
2021-12-16,Turkey cuts interest rates despite spiralling inflation - BBC,BBC News,inflation Turkey
2021-12-16,Turkey cuts interest rates despite spiralling inflation - BBC,BBC News,central bank Turkey
2021-12-16,Turkey cuts interest rates despite spiralling inflation - BBC,BBC News,currency crisis Turkey
2021-12-19,AFP: Döviz krizi yaşanan Türkiye’de halk ilaç sıkıntısı nedeniyle eczane eczane geziyor - Artı Gerçek,Google News,döviz krizi
2021-12-20,"'Türkiye’de döviz krizi, ithal ilaç sıkıntısına yol açtı' - Euronews.com",Google News,döviz krizi
2021-12-21,Turkish lira in comeback after new plan unveiled - BBC,BBC News,currency crisis Turkey
2021-12-21,Turkish lira in comeback after new plan unveiled - BBC,BBC News,central bank Turkey
2021-12-21,Turkish lira in comeback after new plan unveiled - BBC,BBC News,inflation Turkey
2021-12-21,Turkish lira in comeback after new plan unveiled - BBC,BBC News,interest rate Turkey
2021-12-21,Turkish lira in comeback after new plan unveiled - BBC,BBC News,Turkey protests
2021-12-23,Döviz krizi yayınevlerini vurdu| Haberler - Gazete Kadıköy,Google News,döviz krizi
2021-12-23,Dövize müdahalede imza krizi - DW,Google News,döviz krizi
2022-01-11,How the soaring cost of living is hitting Sri Lankans hard - BBC,BBC News,inflation Turkey
2022-01-15,Yayıncılık sektöründe döviz krizi - DW,Google News,döviz krizi
2022-02-05,Can tourism ease the inflation pressure in Turkey? - BBC,BBC News,interest rate Turkey
2022-02-05,Can tourism ease the inflation pressure in Turkey? - BBC,BBC News,currency crisis Turkey
2022-02-05,Can tourism ease the inflation pressure in Turkey? - BBC,BBC News,central bank Turkey
2022-02-05,Can tourism ease the inflation pressure in Turkey? - BBC,BBC News,inflation Turkey
2022-02-08,Jacob Rees-Mogg made Brexit opportunities minister as PM reshuffles team - BBC,BBC News,cabinet reshuffle
2022-02-22,Rusya-Ukrayna krizi piyasaları vurdu: Altın ve döviz yükseldi - birgun.net,Google News,döviz krizi
2022-03-03,Former education secretary Gavin Williamson to get knighthood - BBC,BBC News,cabinet reshuffle
2022-03-09,"Use Russian money to rebuild Ukraine, says bank boss - BBC",BBC News,central bank Turkey
2022-04-04,Sri Lanka: Reshuffle begins after cabinet quits over protests - BBC,BBC News,cabinet reshuffle
2022-04-16,Yunanistan 8 FETÖ üyesi askeri başka ülkelere kaçırdı - Anadolu Ajansı,Google News,askeri darbe girişimi
2022-04-22,EREGL.IS - Reuters,Reuters,Turkey president
2022-04-22,ISDMR.IS - | Stock Price & Latest News - Reuters,Reuters,Turkey president
2022-04-22,ISDMR.IS - | Stock Price & Latest News - Reuters,Reuters,Turkey protest
2022-04-25,Osman Kavala: Turkish activist sentenced to life in prison - BBC,BBC News,Turkey protests
2022-05-02,Ordunun darbe yaptığı Gine'de yönetim üç yıl içinde sivillere geçecek - BBC,Google News,askeri darbe girişimi
2022-05-05,Turkey's cost of living soars nearly 70% - BBC,BBC News,central bank Turkey
2022-05-05,Turkey's cost of living soars nearly 70% - BBC,BBC News,currency crisis Turkey
2022-05-05,Turkey's cost of living soars nearly 70% - BBC,BBC News,interest rate Turkey
2022-05-05,Turkey's cost of living soars nearly 70% - BBC,BBC News,inflation Turkey
2022-05-10,Ukraine sanctions: What pain lies ahead for Russia's economy? - BBC,BBC News,central bank Turkey
2022-06-02,Turkey wants to be called Türkiye in rebranding move - BBC,BBC News,inflation Turkey
2022-06-02,Turkey wants to be called Türkiye in rebranding move - BBC,BBC News,currency crisis Turkey
2022-06-03,Ukraine lifts interest rate to highest in Europe - BBC,BBC News,central bank Turkey
2022-06-03,Ukraine lifts interest rate to highest in Europe - BBC,BBC News,inflation Turkey
2022-06-03,Ukraine lifts interest rate to highest in Europe - BBC,BBC News,interest rate Turkey
2022-06-07,Buğday krizi gelebilir: Hindistan’ın ihracat yasağı dünya piyasalarını etkiledi - Doviz.com,Google News,döviz krizi
2022-06-07,TKFEN.IS - Reuters,Reuters,Turkey president
2022-06-09,SARKY.IS - Reuters,Reuters,Turkey president
2022-06-09,parsn.is - Reuters,Reuters,Erdogan
2022-06-10,Laleli'de döviz krizi… İhracat yapan esnaf dolar olmadığı için parasını Türk lirası olarak alıyor - Independent Türkçe,Google News,döviz krizi
2022-06-13,Sudan alarm at return of Bashir loyalists and the NCP - BBC,BBC News,central bank Turkey
2022-06-22,Saudi crown prince visits Turkey for first time since Khashoggi murder - BBC,BBC News,Erdogan
2022-06-22,Saudi crown prince visits Turkey for first time since Khashoggi murder - BBC,BBC News,Turkey protests
2022-07-02,Sri Lanka’nın Döviz Krizi: Bir Rajapaksa Ailesi Felaketi - Daktilo1984,Google News,döviz krizi
2022-07-04,Prices in Turkey rise at fastest pace for 24 years - BBC,BBC News,interest rate Turkey
2022-07-04,Prices in Turkey rise at fastest pace for 24 years - BBC,BBC News,inflation Turkey
2022-07-08,Cabinet changes: Who is in Boris Johnson's top team? - BBC,BBC News,cabinet reshuffle
2022-07-15,Darbe girişiminin kilit noktası İstanbul'da o geceden sabaha kritik 11 saat - Anadolu Ajansı,Google News,askeri darbe girişimi
2022-07-15,Coronavirus: China economy shrinks on zero-Covid policy - BBC,BBC News,interest rate Turkey
2022-07-17,"Türkiye’de darbeler, 15 Temmuz darbe girişimi, Kürtler - kurdistan24.net",Google News,askeri darbe girişimi
2022-07-26,"Borç krizi: Neden ortaya çıktı, bu kez krizi yönetmek niçin zor? - BBC",Google News,döviz krizi
2022-09-15,"2023 seçimi: AKP, tarihinin “en kritik” seçimine nasıl hazırlanıyor? - BBC",Google News,Türkiye seçimi
2022-10-01,Burkina Faso'da son bir yılda ikinci kez askeri darbe yapıldı - Anadolu Ajansı,Google News,askeri darbe girişimi
2022-10-03,Inflation in Turkey surges to 83% - BBC,BBC News,interest rate Turkey
2022-10-03,Inflation in Turkey surges to 83% - BBC,BBC News,currency crisis Turkey
2022-10-03,Inflation in Turkey surges to 83% - BBC,BBC News,inflation Turkey
2022-10-03,Inflation in Turkey surges to 83% - BBC,BBC News,central bank Turkey
2022-10-03,Capt Ibrahim Traoré: Burkina Faso's new military ruler - BBC,BBC News,coup attempt Turkey
2022-10-04,Burkina Faso coup: Who is new leader Ibrahim Traoré? - BBC,BBC News,coup attempt Turkey
2022-10-17,Cyprus profile - Timeline - BBC,BBC News,currency crisis Turkey
2022-10-24,Rishi Sunak: The most urgent problems facing the new prime minister - BBC,BBC News,interest rate Turkey
2022-10-25,Jeremy Hunt remains chancellor amid big cabinet reshuffle - BBC,BBC News,cabinet reshuffle
2022-10-25,Rishi Sunak aims to bring factions together in cabinet reshuffle - BBC,BBC News,cabinet reshuffle
2022-10-29,Cumhuriyet tarihinde gerçekleşen ekonomik krizler - Cumhuriyet,Google News,döviz krizi
2022-11-14,Istanbul bomber believed to have Kurdish links but Islamic State ties possible -senior official - Reuters,Reuters,Turkey central bank
2022-11-14,Istanbul bomber believed to have Kurdish links but Islamic State ties possible -senior official - Reuters,Reuters,Turkey president
2022-11-14,Istanbul bomber believed to have Kurdish links but Islamic State ties possible -senior official - Reuters,Reuters,Turkey election
2022-11-20,Turkey Kurdish strikes: A population living in fear - BBC,BBC News,currency crisis Turkey
2022-12-03,Christmas dinner: How much will it cost this year? - BBC,BBC News,inflation Turkey
2022-12-03,Christmas dinner: How much will it cost this year? - BBC,BBC News,interest rate Turkey
2022-12-14,Istanbul Mayor Imamoglu faces jail for insulting public officials - BBC,BBC News,Turkey protests
2022-12-14,Turkey profile - Timeline - BBC,BBC News,currency crisis Turkey
2022-12-14,Istanbul Mayor Imamoglu faces jail for insulting public officials - BBC,BBC News,Turkey elections
2022-12-23,New CalMac ferries for Western Isles to be built in Turkey - BBC,BBC News,inflation Turkey
2022-12-27,Türkiye'de döviz krizi tehlikesi var mı? - DW,Google News,döviz krizi
2023-01-02,"Third of world in recession this year, IMF head warns - BBC",BBC News,central bank Turkey
2023-01-02,"Third of world in recession this year, IMF head warns - BBC",BBC News,interest rate Turkey
2023-01-05,Turkey freezes pro-Kurdish party funds before vote - BBC,BBC News,Turkey protests
2023-01-05,Turkey freezes pro-Kurdish party funds before vote - BBC,BBC News,central bank Turkey
2023-01-05,Turkey freezes pro-Kurdish party funds before vote - BBC,BBC News,Turkey elections
2023-01-10,Global recession warning as World Bank cuts economic forecast - BBC,BBC News,interest rate Turkey
2023-01-10,Global recession warning as World Bank cuts economic forecast - BBC,BBC News,central bank Turkey
2023-01-29,Erdogan says Turkey may block Sweden's Nato membership bid - BBC,BBC News,Turkey protests
2023-02-09,Turkey-Syria earthquake: Londoners pull together as relatives stranded - BBC,BBC News,Turkey protests
2023-02-10,Turkey earthquake failures leave Erdogan looking vulnerable - BBC,BBC News,inflation Turkey
2023-02-10,Turkey earthquake failures leave Erdogan looking vulnerable - BBC,BBC News,currency crisis Turkey
2023-02-18,Nigeria's naira shortage: Why are Nigerians protesting? - BBC,BBC News,central bank Turkey
2023-03-06,Turkey opposition names Kilicdaroglu as joint challenger to Erdogan - BBC,BBC News,Turkey elections
2023-03-08,International Women's Day: Istanbul women defy ban on protests - BBC,BBC News,Turkey protests
2023-03-10,Türkiye Genel Seçimlerinin En Yüksek 10 Oy Oranı - Doğruluk Payı,Google News,Türkiye seçimi
2023-03-11,Turkey earthquake: Istanbul residents fear homes will collapse - BBC,BBC News,Turkey protests
2023-03-14,"Seçim takvimi, Resmî Gazete’de - İletişim Başkanlığı",Google News,Türkiye seçimi
2023-03-17,Turkey's Erdogan seals deal on Finland joining Nato - BBC,BBC News,Turkey protests
2023-03-17,Turkey's Erdogan seals deal on Finland joining Nato - BBC,BBC News,Erdogan
2023-03-20,Warnings against 'reckless' weight loss surgery abroad - BBC,BBC News,interest rate Turkey
2023-03-21,Seçim 2023: Cumhurbaşkanı adayları kimler? - BBC,Google News,Türkiye seçimi
2023-04-06,Moldova Cumhuriyetinde Devlet Başkanı seçimi nedeniyle Yüksek Temsilci Catherine Ashton ve Komisyon Üyesi Stefan Füle tarafından yapılan açıklama - EEAS,Google News,Türkiye seçimi
2023-04-07,Cyprus country profile - BBC,BBC News,currency crisis Turkey
2023-04-17,"Merkez Bankası, bankaların döviz satışına kısıtlama getirdi - Gazete Duvar",Google News,döviz krizi
2023-04-19,Turkish elections 2023 - BBC,BBC News,interest rate Turkey
2023-04-19,Turkish elections 2023 - BBC,BBC News,Turkey elections
2023-04-19,Turkish elections 2023 - BBC,BBC News,central bank Turkey
2023-04-19,Turkish elections 2023 - BBC,BBC News,Erdogan
2023-04-25,Turkish mass arrests target Kurdish areas ahead of election - BBC,BBC News,Turkey elections
2023-04-25,Turkish mass arrests target Kurdish areas ahead of election - BBC,BBC News,inflation Turkey
2023-04-27,Turkey's Erdogan falls ill on TV and cancels election rallies - BBC,BBC News,Turkey elections
2023-04-27,"Döviz krizi tırmanıyor; bankalar, 200 dolar para için 8 gün sonrasına gün veriyor! - Tr724",Google News,döviz krizi
2023-04-29,Turkey's President Erdogan back on campaign trail after illness - BBC,BBC News,inflation Turkey
2023-04-29,Turkey's President Erdogan back on campaign trail after illness - BBC,BBC News,Turkey protests
2023-04-30,Khartoum branch of Sudan Central Bank in flames - BBC,BBC News,central bank Turkey
2023-05-02,Why has the Syrian war lasted 12 years? - BBC,BBC News,currency crisis Turkey
2023-05-02,Why has the Syrian war lasted 12 years? - BBC,BBC News,inflation Turkey
2023-05-03,Turkey election: Erdogan rival Kilicdaroglu promises freedom and democracy - BBC,BBC News,inflation Turkey
2023-05-03,Turkey election: Erdogan rival Kilicdaroglu promises freedom and democracy - BBC,BBC News,Turkey elections
2023-05-03,Turkey election: Erdogan rival Kilicdaroglu promises freedom and democracy - BBC,BBC News,Turkey protests
2023-05-05,"The Economist dergisi Türkiye'deki seçimleri nasıl yorumladı, tepkiler ne oldu? - BBC",Google News,Türkiye seçimi
2023-05-06,2015'ten bugüne Türkiye'de seçim sonuçları - BBC,Google News,Türkiye seçimi
2023-05-08,Turkey elections: Aftershocks of anger and grief in the quake-hit nation - BBC,BBC News,inflation Turkey
2023-05-08,Turkey elections: Aftershocks of anger and grief in the quake-hit nation - BBC,BBC News,Turkey elections
2023-05-09,Gençlerin 14 Mayıs seçimi: Kalmak mı? Gitmek mi? - BBC,Google News,Türkiye seçimi
2023-05-10,Turkey elections: Young voters who could decide Turkey's future - BBC,BBC News,Erdogan
2023-05-10,Turkey elections: Young voters who could decide Turkey's future - BBC,BBC News,central bank Turkey
2023-05-10,Turkey elections: Young voters who could decide Turkey's future - BBC,BBC News,interest rate Turkey
2023-05-10,Turkey elections: Young voters who could decide Turkey's future - BBC,BBC News,Turkey elections
2023-05-10,Turkey elections: Young voters who could decide Turkey's future - BBC,BBC News,Turkey protests
2023-05-10,Turkey elections: Young voters who could decide Turkey's future - BBC,BBC News,inflation Turkey
2023-05-11,Muharrem Ince: Turkish candidate dramatically pulls out before election - BBC,BBC News,interest rate Turkey
2023-05-11,Muharrem Ince: Turkish candidate dramatically pulls out before election - BBC,BBC News,inflation Turkey
2023-05-11,"Seçim 2023: 'Stratejik oy vermek' mümkün mü, bu yaklaşım neden tartışılıyor? - BBC",Google News,Türkiye seçimi
2023-05-12,Seçim sonuçları: 2023 Cumhurbaşkanlığı ve TBMM seçimlerinde oy oranları - BBC,Google News,Türkiye seçimi
2023-05-13,Turkey election: Opposition dares to dream of Erdogan defeat - BBC,BBC News,Turkey elections
2023-05-13,Turkey election: Opposition dares to dream of Erdogan defeat - BBC,BBC News,inflation Turkey
2023-05-13,Turkey election: Opposition dares to dream of Erdogan defeat - BBC,BBC News,interest rate Turkey
2023-05-13,Turkey election: Opposition dares to dream of Erdogan defeat - BBC,BBC News,central bank Turkey
2023-05-14,Turkey decides on future with or without Erdogan - BBC,BBC News,inflation Turkey
2023-05-14,Turkey election 2023: Erdogan faces second round in race for presidency - BBC,BBC News,Turkey elections
2023-05-14,"Türkiye'nin ""kader seçimi"" tamamlandı - DW",Google News,Türkiye seçimi
2023-05-14,Turkey election 2023: Erdogan faces second round in race for presidency - BBC,BBC News,inflation Turkey
2023-05-14,Turkey decides on future with or without Erdogan - BBC,BBC News,interest rate Turkey
2023-05-15,Erdogan leads as Turkey heads for election run-off - BBC,BBC News,inflation Turkey
2023-05-15,Turkey's presidential race to be decided in run-off - BBC,BBC News,inflation Turkey
2023-05-15,Turkey's presidential race to be decided in run-off - BBC,BBC News,Turkey elections
2023-05-16,"Seçim sonuçları: Meclis aritmetiği nasıl değişti, hangi parti kaç milletvekili çıkardı? - BBC",Google News,Türkiye seçimi
2023-05-16,Twitter wrong to block tweets during Turkey election - Wikipedia founder - BBC,BBC News,Turkey elections
2023-05-19,Turkey election: Why the world is watching the presidential race - BBC,BBC News,Turkey elections
2023-05-23,Turkish elections: Simple guide to Erdogan's fight to stay in power - BBC,BBC News,interest rate Turkey
2023-05-23,Turkish elections: Simple guide to Erdogan's fight to stay in power - BBC,BBC News,Turkey elections
2023-05-23,Turkish elections: Simple guide to Erdogan's fight to stay in power - BBC,BBC News,inflation Turkey
2023-05-24,Turkish elections: Anti-immigrant leader endorses Erdogan challenger - BBC,BBC News,Turkey elections
2023-05-24,Turkish elections: Anti-immigrant leader endorses Erdogan challenger - BBC,BBC News,Turkey protests
2023-05-25,Turkish elections: Erdogan and Kilicdaroglu offer stark choices for presidency - BBC,BBC News,inflation Turkey
2023-05-25,"Seçim sonuçları: AA, ANKA ve CHP sonuçları nasıl alıyor, bugün verileri nasıl takip etmeliyiz? - BBC",Google News,Türkiye seçimi
2023-05-25,Turkey election: What five more years of Erdogan would mean - BBC,BBC News,Turkey protests
2023-05-25,15 Temmuz darbe girişimi sırasında Sultanbeyli'deki olaylarla ilişkin davada karar açıklandı - Anadolu Ajansı,Google News,askeri darbe girişimi
2023-05-25,Turkey election: What five more years of Erdogan would mean - BBC,BBC News,inflation Turkey
2023-05-25,Why Turkey's election is being closely followed in Africa - BBC,BBC News,Turkey elections
2023-05-25,Turkish elections: Erdogan and Kilicdaroglu offer stark choices for presidency - BBC,BBC News,currency crisis Turkey
2023-05-25,Turkey election: What five more years of Erdogan would mean - BBC,BBC News,Turkey elections
2023-05-25,Turkish elections: Erdogan and Kilicdaroglu offer stark choices for presidency - BBC,BBC News,interest rate Turkey
2023-05-27,Turkish election: Erdogan and Kemal Kilicdaroglu clash in final push for votes - BBC,BBC News,currency crisis Turkey
2023-05-27,Turkish election: Erdogan and Kemal Kilicdaroglu clash in final push for votes - BBC,BBC News,Turkey protests
2023-05-27,Turkish election: Erdogan and Kemal Kilicdaroglu clash in final push for votes - BBC,BBC News,central bank Turkey
2023-05-27,Turkish election: Erdogan and Kemal Kilicdaroglu clash in final push for votes - BBC,BBC News,Erdogan
2023-05-27,Turkish election: Erdogan and Kemal Kilicdaroglu clash in final push for votes - BBC,BBC News,Turkey elections
2023-05-28,Cumhurbaşkanı Seçimi: 28 Mayıs'ta katılım oranı ne oldu? - Euronews.com,Google News,Türkiye seçimi
2023-05-28,Turkey elections 2023: Erdogan wins five more years as Turkey's president - BBC,BBC News,inflation Turkey
2023-05-28,Turkey presidential election decides if Erdogan should have five more years - BBC,BBC News,inflation Turkey
2023-05-28,Turkey presidential election decides if Erdogan should have five more years - BBC,BBC News,central bank Turkey
2023-05-28,Cumhurbaşkanı Seçimi'nin ikinci tur sonuçları: Erdoğan yeniden seçildi - Euronews.com,Google News,Türkiye seçimi
2023-05-28,Why Erdogan's victory matters for the West - BBC,BBC News,Turkey elections
2023-05-28,Turkey presidential election decides if Erdogan should have five more years - BBC,BBC News,Turkey elections
2023-05-28,Turkey elections: What to expect from newly emboldened Erdogan - BBC,BBC News,Turkey elections
2023-05-28,Turkey presidential election decides if Erdogan should have five more years - BBC,BBC News,currency crisis Turkey
2023-05-28,Turkey presidential election decides if Erdogan should have five more years - BBC,BBC News,interest rate Turkey
2023-05-28,CUMHURBAŞKANLIĞI 2.TUR SEÇİMİ - 28 MAYIS 2023 SONUÇLARI - Hürriyet,Google News,Türkiye seçimi
2023-05-28,Turkey elections 2023: Erdogan wins five more years as Turkey's president - BBC,BBC News,Turkey elections
2023-05-29,Turkish election victory for Erdogan leaves nation divided - BBC,BBC News,currency crisis Turkey
2023-05-29,Turkish election victory for Erdogan leaves nation divided - BBC,BBC News,inflation Turkey
2023-05-29,Turkish election victory for Erdogan leaves nation divided - BBC,BBC News,interest rate Turkey
2023-05-29,Turkish election victory for Erdogan leaves nation divided - BBC,BBC News,central bank Turkey
2023-05-30,28 Mayıs seçimi yurt dışı sonuçları: En yüksek ve düşük oy oranları - Euronews.com,Google News,Türkiye seçimi
2023-06-02,"Macaristan Başbakanı Orban: Tanrı'ya şükür Erdoğan kazandı, onun kazanması için çok dua ettim - BBC",Google News,Türkiye seçimi
2023-06-04,Goldman Sachs sees Turkish lira slip to 28.00 versus dollar in 12 months - Reuters,Reuters,interest rate decision
2023-06-04,Goldman Sachs sees Turkish lira slip to 28.00 versus dollar in 12 months - Reuters,Reuters,inflation Turkey
2023-06-04,Goldman Sachs sees Turkish lira slip to 28.00 versus dollar in 12 months - Reuters,Reuters,Erdogan
2023-06-04,Goldman Sachs sees Turkish lira slip to 28.00 versus dollar in 12 months - Reuters,Reuters,currency crisis
2023-06-04,Goldman Sachs sees Turkish lira slip to 28.00 versus dollar in 12 months - Reuters,Reuters,Turkey president
2023-06-13,Afghan migrants kidnapped and tortured on Iran-Turkey border - BBC,BBC News,currency crisis Turkey
2023-06-22,Turkey hikes interest rates as Erdogan stages economic U-turn - BBC,BBC News,currency crisis Turkey
2023-06-22,Turkey hikes interest rates as Erdogan stages economic U-turn - BBC,BBC News,inflation Turkey
2023-06-22,Turkey hikes interest rates as Erdogan stages economic U-turn - BBC,BBC News,interest rate Turkey
2023-06-23,Rusya'da askeri darbe girişimi iddiası - Mepa News,Google News,askeri darbe girişimi
2023-06-24,Rusya'da askeri darbe girişimi - Mepa News,Google News,askeri darbe girişimi
2023-06-25,Rusya’da başarısız darbe: Nedenleri ve sonuçları - World Socialist Web Site,Google News,askeri darbe girişimi
2023-06-28,"Package holidays in Greece, Spain and Turkey soar in price - BBC",BBC News,inflation Turkey
2023-06-28,Greece country profile - BBC,BBC News,currency crisis Turkey
2023-06-29,Sweden Quran burning: Protesters storm embassy in Baghdad - BBC,BBC News,Turkey protests
2023-07-10,What is Turkey's leader Erdogan up to now? - BBC,BBC News,Erdogan
2023-07-11,Sweden hails historic step as Turkey backs Nato bid - BBC,BBC News,Erdogan
2023-07-13,"Türkiye'de darbeler (1): 27 Mayıs, 12 Mart ve 12 Eylül darbeleri - İlke Haber Ajansı",Google News,askeri darbe girişimi
2023-07-14,Turkey's deepening economic crisis prompts Erdogan to look West - BBC,BBC News,inflation Turkey
2023-07-14,Turkey's deepening economic crisis prompts Erdogan to look West - BBC,BBC News,interest rate Turkey
2023-07-14,Turkey's deepening economic crisis prompts Erdogan to look West - BBC,BBC News,central bank Turkey
2023-07-14,Turkey's deepening economic crisis prompts Erdogan to look West - BBC,BBC News,currency crisis Turkey
2023-07-15,Ben Wallace to quit as defence secretary at next cabinet reshuffle - BBC,BBC News,cabinet reshuffle
2023-07-15,15 Temmuz'a ilişkin yanıt bekleyen sorular - DW,Google News,askeri darbe girişimi
2023-07-15,15 Temmuz gecesi İstanbul'da yaşananlar darbe girişiminin kilit noktası oldu - Anadolu Ajansı,Google News,askeri darbe girişimi
2023-07-26,Canada's Prime Minister Trudeau shuffles cabinet in major overhaul - BBC,BBC News,cabinet reshuffle
2023-07-27,Nijer'de darbe girişimi - DW,Google News,askeri darbe girişimi
2023-08-09,UK announces deal with Turkey to tackle flow of illegal migrants - Reuters,Reuters,Turkey election
2023-08-09,UK signs deal with Turkey to disrupt people-smuggling gangs - BBC,BBC News,currency crisis Turkey
2023-08-09,UK signs deal with Turkey to disrupt people-smuggling gangs - BBC,BBC News,inflation Turkey
2023-08-10,Ekonomik kriz var mı yok mu? - Gazete Duvar,Google News,döviz krizi
2023-08-14,Ukraine war: Kyiv claims gains near Bakhmut as Russian currency continues slide - BBC,BBC News,interest rate Turkey
2023-08-14,Russian rouble falls to 16-month low against US dollar - BBC,BBC News,interest rate Turkey
2023-08-14,China suspends youth unemployment data after record high - BBC,BBC News,interest rate Turkey
2023-08-14,China suspends youth unemployment data after record high - BBC,BBC News,central bank Turkey
2023-08-16,Syria doubles public-sector pay and cuts subsidies as economy sinks - BBC,BBC News,inflation Turkey
2023-08-16,"Cash, cars and homes seized in $735m Singapore anti-money laundering raids - BBC",BBC News,central bank Turkey
2023-08-30,Orta Afrika ülkesi Gabon’da askeri darbe girişimi - VOA Türkçe,Google News,askeri darbe girişimi
2023-08-30,"114 ülke, 65 yıllık araştırma: Diktatörlüklerde başarısız darbe girişimleri iktidarı şahsileştiriyor - Euronews.com",Google News,askeri darbe girişimi
2023-08-30,Son dönemde hangi Batı ve Orta Afrika ülkelerinde darbe yapıldı? Son durum ne? - Euronews.com,Google News,askeri darbe girişimi
2023-09-04,Angela Rayner handed new role as Keir Starmer reshuffles top team - BBC,BBC News,cabinet reshuffle
2023-09-06,Chris Bryant joins Labour frontbench as reshuffle continues - BBC,BBC News,cabinet reshuffle
2023-09-08,"Thodex cryptocurrency boss jailed for 11,196 years in Turkey for fraud - BBC",BBC News,inflation Turkey
2023-09-18,FEATURE-AI's 'insane' translation mistakes endanger US asylum cases - Reuters,Reuters,inflation Turkey
2023-09-18,FEATURE-AI's 'insane' translation mistakes endanger US asylum cases - Reuters,Reuters,Turkey president
2023-09-19,14 Mayıs Türkiye Genel Seçimleri Oy Oranları Milliyet.com.tr'de - Milliyet,Google News,Türkiye seçimi
2023-09-28,Burkina Faso'da darbe girişimi başarısız oldu - Anadolu Ajansı,Google News,askeri darbe girişimi
2023-10-05,Nottinghamshire PC sacked after lying about sickness to go to Turkey - BBC,BBC News,Turkey protests
2023-10-05,Kenya's Foreign Minister Alfred Mutua demoted in Ruto cabinet reshuffle - BBC,BBC News,cabinet reshuffle
2023-10-11,Israel's borders explained in maps - BBC,BBC News,central bank Turkey
2023-10-13,China's Belt and Road Initiative: Kenya and a railway to nowhere - BBC,BBC News,central bank Turkey
2023-10-13,UK explores using frozen Russian assets to fund Ukraine defence - BBC,BBC News,central bank Turkey
2023-10-25,GÖRÜŞ - Askeri vesayetten demokratik kontrole - Anadolu Ajansı,Google News,askeri darbe girişimi
2023-10-27,Going undercover to reveal people smugglers' sales tactics - BBC,BBC News,inflation Turkey
2023-11-13,David Cameron vows to support Rishi Sunak after surprise cabinet comeback - BBC,BBC News,cabinet reshuffle
2023-11-13,What was the strategy behind Rishi Sunak’s reshuffle? - BBC,BBC News,cabinet reshuffle
2023-11-13,Watch: Reporter shocked on-air by Cameron's return - BBC,BBC News,cabinet reshuffle
2023-11-14,Weak currencies force up cost of living in Sub-Saharan Africa - BBC,BBC News,currency crisis Turkey
2023-11-14,Weak currencies force up cost of living in Sub-Saharan Africa - BBC,BBC News,inflation Turkey
2023-11-14,Rishi Sunak’s reshuffle: Who is in the prime minister’s cabinet? - BBC,BBC News,cabinet reshuffle
2023-11-14,Weak currencies force up cost of living in Sub-Saharan Africa - BBC,BBC News,central bank Turkey
2023-11-20,OpenAI'da CEO krizi: Sam Altman'ın yerine kim gelecek? - Doviz.com,Google News,döviz krizi
2023-11-20,Brazilian butt-lift surgery death prompts Turkey-UK meeting - BBC,BBC News,interest rate Turkey
2023-11-23,Turkey's central bank raises interest rates to 40% - BBC,BBC News,interest rate Turkey
2023-11-23,Turkey's central bank raises interest rates to 40% - BBC,BBC News,currency crisis Turkey
2023-11-23,Turkey's central bank raises interest rates to 40% - BBC,BBC News,central bank Turkey
2023-11-23,Turkey's central bank raises interest rates to 40% - BBC,BBC News,inflation Turkey
2023-12-11,Humza Yousaf brands David Cameron 'petty' over meeting threat - BBC,BBC News,Erdogan
2023-12-12,Turkish referee attack leaves crisis that goes beyond football - BBC,BBC News,Turkey protests
2023-12-20,Food and fuel drive drop in UK inflation rate to 3.9% - BBC,BBC News,inflation Turkey
2023-12-20,How much will your Christmas dinner cost this year? - BBC,BBC News,inflation Turkey
2023-12-20,Food and fuel drive drop in UK inflation rate to 3.9% - BBC,BBC News,interest rate Turkey
2023-12-21,Japan: Corruption scandal threatens PM Kishida's government - BBC,BBC News,cabinet reshuffle
2023-12-31,Tension at the top - a year in Jersey politics - BBC,BBC News,cabinet reshuffle
2024-01-08,French PM Élisabeth Borne resigns ahead of expected reshuffle - BBC,BBC News,cabinet reshuffle
2024-01-11,Oil prices rise after Iran seizes tanker - BBC,BBC News,inflation Turkey
2024-01-11,Oil prices rise after Iran seizes tanker - BBC,BBC News,interest rate Turkey
2024-01-12,UK economic growth rebounds in November - BBC,BBC News,interest rate Turkey
2024-01-26,US approves F-16 fighter jet sale to Turkey worth $23bn - BBC,BBC News,Turkey protests
2024-02-01,Hostages freed after being held for nine hours at P&G plant in Turkey - BBC,BBC News,Turkey protests
2024-02-02,Turkey Israel: 'Seven arrested for passing information to Mossad' - BBC,BBC News,Erdogan
2024-02-02,Turkey Israel: 'Seven arrested for passing information to Mossad' - BBC,BBC News,Turkey protests
2024-02-09,Döviz krizi yaşayan Mısır sahil kasabasını BAE’ye sattı - rudaw.net,Google News,döviz krizi
2024-02-12,Döviz krizi Mısır'a toprak sattırdı - Ekonomist,Google News,döviz krizi
2024-02-15,İstanbul seçimi Türkiye siyaseti açısından neden önemli? - DW,Google News,Türkiye seçimi
2024-02-25,Will global energy prices fall this year? - BBC,BBC News,interest rate Turkey
2024-03-02,Döviz ilacı vurdu: Kriz büyüyor - Odatv,Google News,döviz krizi
2024-03-06,Döviz krizi yaşayan Mısır'dan devalüasyon kararı - CafeSiyaset,Google News,döviz krizi
2024-03-06,Döviz krizi yaşayan Mısır'dan devalüasyon kararı - NTV Haber,Google News,döviz krizi
2024-03-08,"Eyvah, yine döviz büfesi önünde kuyruk dönemi - Paraanaliz",Google News,döviz krizi
2024-03-13,"DEM Parti Ankara adayı Gültan Kışanak: Sorunumuz seçimi kazanmak değil, siyasi darbeyle yıkılan demokrasiyi yeniden inşa etmek - BBC",Google News,Türkiye seçimi
2024-03-22,Muhoozi Kainerugaba: Ugandan president promotes his son to military chief - BBC,BBC News,cabinet reshuffle
2024-03-26,Ministers Robert Halfon and James Heappey quit government in mini-reshuffle - BBC,BBC News,cabinet reshuffle
2024-03-30,Turkish vote: Battle to run Istanbul becomes key to country's future - BBC,BBC News,Turkey elections
2024-03-30,"Erdoğan, Kurum ve İmamoğlu: İstanbul'un seçimi neden önemli? - BBC",Google News,Türkiye seçimi
2024-03-31,"31 Mart 2024 Yerel Seçimi sonuçları: Ana muhalefef partisi CHP, Türkiye genelinde birinci parti oldu - Euronews.com",Google News,Türkiye seçimi
2024-03-31,SEÇİM SONUÇLARI 2024 - Yerel Seçim Sonuçları Ve Oy Oranları - Sabah,Google News,Türkiye seçimi
2024-03-31,31 Mart 2024 yerel seçim sonuçları: Türkiye genelinde hangi parti kaç belediye kazandı? - Euronews.com,Google News,Türkiye seçimi
2024-04-01,"Ankara'da Mansur Yavaş seçimi büyük farkla kazandı; CHP Etimesgut, Keçiören ve Mamak dahil 16 ilçeyi aldı - BBC",Google News,Türkiye seçimi
2024-04-01,31 Mart Yerel Seçimi: Büyükşehir ve il belediye başkanlıkları 2019 ve 2024’te nasıl değişti? - Euronews.com,Google News,Türkiye seçimi
2024-04-01,"Yerel seçim sonuçları: CHP 'yüzde 25 eşiğini' nasıl aştı, Türkiye'de siyaseti neler bekliyor? - BBC",Google News,Türkiye seçimi
2024-04-01,Turkish local elections: Opposition stuns Erdogan with historic victory - BBC,BBC News,interest rate Turkey
2024-04-01,Turkish local elections: Opposition stuns Erdogan with historic victory - BBC,BBC News,Erdogan
2024-04-01,Turkish local elections: Opposition stuns Erdogan with historic victory - BBC,BBC News,inflation Turkey
2024-04-01,Turkish local elections: Opposition stuns Erdogan with historic victory - BBC,BBC News,Turkey elections
2024-04-01,Dünya basınında Türkiye'nin seçimi nasıl yankı buldu? | Son dakika ekonomi haberleri - Bloomberght,Google News,Türkiye seçimi
2024-04-01,"Bursa ve Balıkesir'de CHP, Şanlıurfa ve Yozgat'ta Yeniden Refah, Nevşehir'de İYİ Parti, Sivas'ta BBP: DEM Parti 10, MHP 8 ili aldı - BBC",Google News,Türkiye seçimi
2024-04-01,Yerel seçim sonuçları: Hangi illerde belediye başkanlığını kazanan parti değişti? - BBC,Google News,Türkiye seçimi
2024-04-01,Turkish local elections: Opposition stuns Erdogan with historic victory - BBC,BBC News,Turkey protests
2024-04-02,Dozens dead in Istanbul nightclub fire - BBC,BBC News,Turkey protests
2024-04-02,Yerel seçim sonuçları: 11 il ve 61 ilçede kadın adaylar belediye başkanı seçildi - BBC,Google News,Türkiye seçimi
2024-04-02,"2024 yerel seçimi: Partilerin en yüksek ve en düşük oy aldıkları 10 şehir hangisi, veriler ne diyor? - Euronews.com",Google News,Türkiye seçimi
2024-04-02,Dozens dead in Istanbul nightclub fire - BBC,BBC News,Turkey elections
2024-04-04,Turkey reinstates pro-Kurdish election winner Zeydan after days of unrest in Van - BBC,BBC News,Turkey protests
2024-04-04,Turkey reinstates pro-Kurdish election winner Zeydan after days of unrest in Van - BBC,BBC News,Erdogan
2024-04-04,Turkey reinstates pro-Kurdish election winner Zeydan after days of unrest in Van - BBC,BBC News,Turkey elections
2024-04-05,McDonald's: Behind the fast-food firm's boycott controversy - BBC,BBC News,central bank Turkey
2024-04-10,US inflation jumps as fuel and housing costs rise - BBC,BBC News,interest rate Turkey
2024-04-10,US inflation jumps as fuel and housing costs rise - BBC,BBC News,central bank Turkey
2024-04-10,US inflation jumps as fuel and housing costs rise - BBC,BBC News,inflation Turkey
2024-04-19,World Bank to provide $416 mln loan to Turkey to reduce air pollutants - Reuters,Reuters,Turkey president
2024-05-09,Dövizin akıbeti ve Şimşek programı - Gazete Duvar,Google News,döviz krizi
2024-05-09,Galatasaray da başkanlık seçimi için geri sayım - beinsports.com.tr,Google News,Türkiye seçimi
2024-05-13,Why has Putin removed ally Sergei Shoigu as Russia's defence minister? - BBC,BBC News,cabinet reshuffle
2024-05-15,Türkiye Belediyeler Birliği - Türkiye Belediyeler Birliği,Google News,Türkiye seçimi
2024-05-21,"Food price rises returning to normal, Kantar survey says - BBC",BBC News,interest rate Turkey
2024-05-21,Mahfi Eğilmez uyardı: 2001 krizi öncesine benzeyen bir duruma sürükleniyoruz - Dünya Gazetesi,Google News,döviz krizi
2024-05-21,"Food price rises returning to normal, Kantar survey says - BBC",BBC News,inflation Turkey
2024-05-27,Türkiye'nin birçok şehrinde İsrail'in Gazze'ye yönelik saldırıları protesto edildi - Anadolu Ajansı,Google News,protesto Türkiye
2024-05-27,İLAÇ KRİZİ DERİNLEŞİYOR - Batman Gazetesi,Google News,döviz krizi
2024-05-29,Batı Afrika darbe dalgası Gine-Bissau’yu vurdu - Şarkul Avsat Türkçe,Google News,askeri darbe girişimi
2024-05-29,Oldham: Mum faces £50k medical bill over insurance error - BBC,BBC News,Turkey protests
2024-05-31,The cabinet: What is it and what does it do? - BBC,BBC News,cabinet reshuffle
2024-05-31,Bulgaristan'daki seçimlerde Türkiye dahil 60 ülkede oy kullanılabilecek - Anadolu Ajansı,Google News,Türkiye seçimi
2024-06-01,İskoçya-İsrail maçında protesto: “İsrail’e kırmızı kart” - BBC,Google News,protesto Türkiye
2024-06-03,Türkiye’de üç ilçede ve dört beldede yenilenen yerel seçim sonuçları belli oldu - VOA Türkçe,Google News,Türkiye seçimi
2024-06-05,Türkiye Belediyeler Birliği - Türkiye Belediyeler Birliği,Google News,Türkiye seçimi
2024-06-06,Suriye’nin kuzeyinde yapılmak istenen yerel seçimlerle ilgili neler biliniyor? - BBC,Google News,Türkiye seçimi
2024-06-06,Özgür Özel’in çıkışı sonrası ufukta erken seçim ihtimali var mı? - VOA Türkçe,Google News,Türkiye seçimi
2024-06-07,Terör örgütü YPG'nin sözde seçimi neden ertelendi: Türkiye Faktörü - Anadolu Ajansı,Google News,Türkiye seçimi
2024-06-19,"Birleşik Arap Emirlikleri, döviz krizi nedeniyle Nijerya'ya uçuşları yeniden askıya aldı - Şarkul Avsat Türkçe",Google News,döviz krizi
2024-06-21,E-Bilet Sistem Entegratörü Seçimi İhalesi Sonuçlandı - TFF,Google News,Türkiye seçimi
2024-06-26,Bolivya'da darbe girişimi - Euronews.com,Google News,askeri darbe girişimi
2024-06-26,Güney Amerika Ülkesi Bolivya’da Askeri Darbe: Asker Hükümet Sarayını Kuşattı - Onedio,Google News,askeri darbe girişimi
2024-06-26,"Bolivya'da yeni atanan ordu komutanının emri üzerine, darbe girişiminde bulunan askerler geri çekildi - Anadolu Ajansı",Google News,askeri darbe girişimi
2024-06-26,"Bolivya'da darbe girişimi! Ordu sarayı kuşattı, halk meydanlara çağrıldı - Türkiye Gazetesi",Google News,askeri darbe girişimi
2024-06-26,Bolivya'daki darbe girişimi başarısız oldu - Gazete Duvar,Google News,askeri darbe girişimi
2024-06-26,Güney Amerika ülkesi Bolivya’da askeri darbe - Odatv,Google News,askeri darbe girişimi
2024-06-26,Bolivya'da darbe girişimi - TRT Haber,Google News,askeri darbe girişimi
2024-06-26,Bolivya'da darbe girişimi! Askerler cumhurbaşkanlığı binasına girdi - Demokrat Haber,Google News,askeri darbe girişimi
2024-06-27,Bolivya’da darbe girişimi başarısız oldu: Asker başkanlık sarayını kuşattıktan sonra geri çekildi - VOA Türkçe,Google News,askeri darbe girişimi
2024-06-27,Bolivya’da askeri darbe girişimi! - Balıkesir Politika Gazetesi,Google News,askeri darbe girişimi
2024-06-27,Bolivya'da darbe girişimi başarısız oldu... Komutanlar gözaltına alındı... - Dünya Gazetesi,Google News,askeri darbe girişimi
2024-06-27,"Bolivya'da darbe girişimi: Halk meydanlara döküldü, ordu komutanı tutuklandı - NTV Haber",Google News,askeri darbe girişimi
2024-06-27,Bolivya'da darbe girişimi püskürtüldü - soL haber,Google News,askeri darbe girişimi
2024-06-27,'Sosyalist Yönetim'den Demokrasi Çağrısı.. Bolivya'da Darbe Girişimi! - PolitiKARS,Google News,askeri darbe girişimi
2024-06-27,Bolivya'da darbe girişimi: General Zuniga ve 16 kişi gözaltına alındı - NTV Haber,Google News,askeri darbe girişimi
2024-06-27,Bolivya'da darbe girişiminde bulunan askerler geri çekildi - TRT Haber,Google News,askeri darbe girişimi
2024-06-27,Bolivya'daki askeri darbe girişimi başarısızlıkla sonuçlandı - Anadolu Ajansı,Google News,askeri darbe girişimi
2024-06-27,Bolivya’da darbe girişimi başarısız oldu - Independent Türkçe,Google News,askeri darbe girişimi
2024-06-27,"Türkiye, Bolivya'da ""darbe girişimi olduğuna dair haberlerden"" endişe duyuyor - Anadolu Ajansı",Google News,askeri darbe girişimi
2024-06-27,Bolivya’da askeri darbe girişimi - SavunmaTR,Google News,askeri darbe girişimi
2024-06-27,Bolivya Devlet Başkanı Arce'nin darbeci general ile tartıştığı anlar kameralara yansıdı - Anadolu Ajansı,Google News,askeri darbe girişimi
2024-06-28,ABD başkanlık seçimi öncesi ilk canlı yayın tartışması arasında Türkiye tanıtıldı - Anadolu Ajansı,Google News,Türkiye seçimi
2024-06-28,"Bolivya Devlet Başkanı Arce, ""kendi kendine darbe planladı"" iddialarını reddetti - Anadolu Ajansı",Google News,askeri darbe girişimi
2024-06-29,Bolivya'da ABD destekli darbe girişimi yenildi... O eski halinden eser yok şimdi... Amerikancı darbelerin kanlı tarihi... Lityum detayı - Odatv,Google News,askeri darbe girişimi
2024-06-29,Bolivya'da darbe girişimi: 3 komutan cezaevine gönderildi - NTV Haber,Google News,askeri darbe girişimi
2024-07-01,İran'da cumhurbaşkanı seçimi ikinci tura kaldı - BBC,Google News,Türkiye seçimi
2024-07-02,Kabine değişikliği: Sağlık Bakanı ve Çevre Bakanı istifa etti - Yetkin Report,Google News,kabine değişikliği
2024-07-02,Kayseri'deki gerginlik Suriye'ye sıçradı - DW,Google News,protesto Türkiye
2024-07-02,"Kabine değişikliği: İki bakan ""görevden affını"" istedi, Murat Kurum geri döndü - Medyascope",Google News,kabine değişikliği
2024-07-03,"Erdoğan’ın sınırlı kabine değişikliği AKP'de nasıl yorumlandı, parti kulislerinde neler konuşuluyor? - BBC",Google News,kabine değişikliği
2024-07-05,"İngiltere seçimleri: İşçi Partisi seçimi büyük farkla kazandı, yeni başbakan Keir Starmer - BBC",Google News,Türkiye seçimi
2024-07-05,Turkey's stray dogs face euthanasia under possible government bill - BBC,BBC News,inflation Turkey
2024-07-05,Turkey's stray dogs face euthanasia under possible government bill - BBC,BBC News,currency crisis Turkey
2024-07-06,"Türk asıllı, reformist Pezeşkiyan İran'ın yeni Cumhurbaşkanı oldu - Euronews.com",Google News,Türkiye seçimi
2024-07-08,"CHP kulislerinde, Özgür Özel'in '1,5 yıl sonra erken seçim olur' tahminiyle ilgili neler konuşuluyor? - BBC",Google News,Türkiye seçimi
2024-07-09,Özgür Özel'den ışıklı protesto çağrısı: Ya zam ya seçim - DW,Google News,protesto Türkiye
2024-07-09,"Özel asgari ücret için protesto çağrısı yaptı: 21.00'de ışıkları açın, kapatın - Gazete Oksijen",Google News,protesto Türkiye
2024-07-11,William Ruto: Kenyan President fires ministers over anti-tax protests - BBC,BBC News,cabinet reshuffle
2024-07-14,Darbe değil işgal girişimi - Yeni Şafak,Google News,askeri darbe girişimi
2024-07-14,Temmuz aylarında 16 darbe yaşandı - Yeni Şafak,Google News,askeri darbe girişimi
2024-07-14,15 Temmuz darbe girişiminin üzerinden 8 yıl geçti - DW,Google News,askeri darbe girişimi
2024-07-15,"Darbe girişiminin ""dilsiz şahitleri"" Hafıza 15 Temmuz Müzesi'nde sergileniyor - Anadolu Ajansı",Google News,askeri darbe girişimi
2024-07-15,İstanbul'da verilen mücadele 15 Temmuz'un dönüm noktalarından biri oldu - Anadolu Ajansı,Google News,askeri darbe girişimi
2024-07-15,15 Temmuz darbe girişiminin 8. yılı: Milletin zaferi! - NTV Haber,Google News,askeri darbe girişimi
2024-07-15,15 Temmuz darbesi yaşananlar...15 Temmuz gecesi neler yaşandı? 15 Temmuz Demokrasi ve Milli Birlik Günü anlam ve önemi - Hürriyet,Google News,askeri darbe girişimi
2024-07-15,Malatya'daki darbe girişimi sırasında askeri üste yaşananlar güvenlik kamerasında - Habertürk,Google News,askeri darbe girişimi
2024-07-15,"15 Temmuz hangi yıl oldu, önemi nedir? 15 Temmuz darbe girişiminde kaç kişi öldü, ne oldu? - Haberler",Google News,askeri darbe girişimi
2024-07-17,Vaughan Gething: Jeremy Miles likely to bid to be Wales first minister - BBC,BBC News,cabinet reshuffle
2024-07-19,Erken Seçim Kararı Nasıl Alınır? - Doğruluk Payı,Google News,Türkiye seçimi
2024-07-20,Türkiye’de darbe tehlikesi devam ediyor mu? Kamuoyunun yarısı hâlâ endişeli! - Demokrat Kocaeli,Google News,askeri darbe girişimi
2024-07-22,Tanzania's information minister Nape Nnauye sacked in cabinet reshuffle - BBC,BBC News,cabinet reshuffle
2024-07-25,Af Örgütü'nden Akdeniz: Türkiye’de LGBTİ+’ların protesto hakkı ihlal ediliyor - Bianet,Google News,protesto Türkiye
2024-07-29,Nigeria’s inflation and insecurity fuelling child hunger in North - BBC,BBC News,inflation Turkey
2024-07-30,Turks eye property investments abroad as domestic market loses appeal - Reuters,Reuters,Turkey central bank
2024-07-30,Turks eye property investments abroad as domestic market loses appeal - Reuters,Reuters,inflation Turkey
2024-07-30,Turks eye property investments abroad as domestic market loses appeal - Reuters,Reuters,Erdogan
2024-07-30,Turks eye property investments abroad as domestic market loses appeal - Reuters,Reuters,Turkey president
2024-07-30,"İsrail'de aşırı sağcıların askeri üsleri basması, protesto mu yoksa darbe girişimi mi? - Anadolu Ajansı",Google News,askeri darbe girişimi
2024-07-30,Turks eye property investments abroad as domestic market loses appeal - Reuters,Reuters,interest rate decision
2024-08-01,Ortadoğu krizi ve FED'in faiz kararı döviz ve altını nasıl etkiler? - Kısa Dalga,Google News,döviz krizi
2024-08-02,Haniye’nin öldürülmesi Cuma namazından sonra Türkiye genelinde protesto edildi - VOA Türkçe,Google News,protesto Türkiye
2024-08-10,Sierra Leone'de darbe girişimi: ECOWAS bin 200 asker gönderecek - NTV Haber,Google News,askeri darbe girişimi
2024-08-16,Watch: Moment brawl breaks out in Turkish parliament - BBC,BBC News,Erdogan
2024-08-17,Blackstone co-founders to get $2.3 billion post IPO - Reuters,Reuters,Turkey central bank
2024-08-18,Londra’da hayvan hakları savunucuları Türkiye’yi protesto etti - Evrensel.net,Google News,protesto Türkiye
2024-08-19,Turkish customs ministry imposes 110 million lira fine on Ziraat Bank - Reuters,Reuters,Turkey president
2024-08-23,"Jerome Powell: Time has come for interest rate cut, says Fed boss - BBC",BBC News,central bank Turkey
2024-08-23,Uzman isim 6 maddede döviz krizi yaratabilecek riskleri yazdı - Bizim Tv,Google News,döviz krizi
2024-08-23,"Jerome Powell: Time has come for interest rate cut, says Fed boss - BBC",BBC News,interest rate Turkey
2024-08-23,"Jerome Powell: Time has come for interest rate cut, says Fed boss - BBC",BBC News,inflation Turkey
2024-08-27,Batı Afrika'da 'darbe kuşağı': Mali'de ordunun yönetime el koyması bölgeyi nasıl değiştirdi? - Mepa News,Google News,askeri darbe girişimi
2024-09-04,İstanbul’da Filistin panelinde protesto düzenleyen Filistinli iki öğrenci hakkında sınırdışı kararı - VOA Türkçe,Google News,protesto Türkiye
2024-09-04,Mustafa Kemal’in askerleri... - Milliyet,Google News,askeri darbe girişimi
2024-09-04,Ukraine's foreign minister resigns as government reshuffle expected - BBC,BBC News,cabinet reshuffle
2024-09-05,Ukraine names new foreign minister as Zelensky overhauls cabinet - BBC,BBC News,cabinet reshuffle
2024-09-06,US-Turkish protester killed in West Bank as Israeli forces open fire - BBC,BBC News,central bank Turkey
2024-09-07,Aysenur Ezgi Eygi: UN urges inquiry into killing of US-Turkish protester in West Bank - BBC,BBC News,central bank Turkey
2024-09-10,Türkiye genelinde Narin eylemleri: Aile politikalarına tepki - DW,Google News,protesto Türkiye
2024-09-10,Aysenur Ezgi Eyg: Israel says 'highly likely' IDF killed US-Turkish protester - BBC,BBC News,central bank Turkey
2024-09-10,"Türkiye 13 yıl sonra Arap Birliği bakanlar toplantısına katıldı, Suriye Fidan’ın konuşmasını protesto etti - VOA Türkçe",Google News,protesto Türkiye
2024-09-10,"Türkiye 13 yıl sonra Arap Birliği bakanlar toplantısına katıldı, Suriye Fidan’ın konuşmasını protesto etti - VOA Türkçe",Google News,protesto Türkiye
2024-09-11,Welsh government reshuffle: Miles back as minister after ousting Gething - BBC,BBC News,cabinet reshuffle
2024-09-12,12 Eylül Askeri Darbesiyle Gerçek Anlamda Yüzleşme Talep Ediyoruz! - Diyarbakır Barosu,Google News,askeri darbe girişimi
2024-09-14,Funeral held for US-Turkish activist killed in West Bank - BBC,BBC News,central bank Turkey
2024-09-14,Özel'den Erdoğan'a erken seçim çağrısı: Son tarih 2025 Kasım'dır - Euronews.com,Google News,Türkiye seçimi
2024-09-16,7 Haziran seçimleri: Türkiye'de 1 Kasım 2015 seçimlerine giden süreçte ve sonrasında neler yaşandı? - BBC,Google News,Türkiye seçimi
2024-09-18,Ermenistan’da ‘askeri darbe girişimi’ iddiası - Harici,Google News,askeri darbe girişimi
2024-09-18,"Ertuğrul Özkök: ""Darbe"" kelimesi Dışişleri sözlüğünden Sevgililer Günü'nde mi çıkarıldı? - T24",Google News,askeri darbe girişimi
2024-09-19,Ermenistan'da darbe hazırlığı ile suçlanan 3 kişi gözaltına alındı - Euronews.com,Google News,askeri darbe girişimi
2024-09-20,"Yerel seçimler hakkında bilinmesi gerekenler: Nasıl yapılır, kimler seçilir? - BBC",Google News,Türkiye seçimi
2024-09-26,Gökhan ALTINER Yazdı: Yıl sonuna kadar kabine değişikliği yok... - Kıbrıs Postası,Google News,kabine değişikliği
2024-09-27,Türk heyetten soykırımcı Netanyahu'nun BM'deki hitabına protesto - TRT Haber,Google News,protesto Türkiye
2024-09-30,"Lebanese arrive in Turkey shaken by war, hope for quick return - Reuters",Reuters,Turkey president
2024-10-03,Britain proposes new powers for banks in fight against fraudsters - Reuters,Reuters,Turkey central bank
2024-10-04,How worried should I be about rising oil prices? - BBC,BBC News,interest rate Turkey
2024-10-05,İkbal Uzuner ve Ayşenur Halil'in öldürülmesi üniversitelerde protesto edildi - BBC,Google News,protesto Türkiye
2024-10-12,Erdoğan'dan kabine değişikliği sinyali - halk54.com,Google News,kabine değişikliği
2024-10-12,Kabine değişimi sinyali geldi! Kimler gidecek? - Halk TV,Google News,kabine değişikliği
2024-10-12,SON DAKİKA: Kabine değişikliği olacak mı? Cumhurbaşkanı Erdoğan açıkladı! - İstanbul Ticaret Gazetesi,Google News,kabine değişikliği
2024-10-12,Erdoğan: Kabinede ve parti genel başkan yardımcılarında değişiklik olabilir - BBC,Google News,kabine değişikliği
2024-10-12,Son dakika | Cumhurbaşkanı Erdoğan'dan Kabine değişimi sinyali! 'Duruma göre değerlendirmelerimizi yaparız' - TGRT Haber,Google News,kabine değişikliği
2024-10-12,Kabine değişikliği olacak mı? Kabine değişecek mi? Cumhurbaşkanı Erdoğan açıkladı! - Hürriyet,Google News,kabine değişikliği
2024-10-12,Erdoğan’dan Kabine'de değişiklik sinyali - Gazete Oksijen,Google News,kabine değişikliği
2024-10-12,Cumhurbaşkanı Erdoğan’dan Kabine’de değişim mesajı | Son dakika ekonomi haberleri - Bloomberght,Google News,kabine değişikliği
2024-10-13,Erdoğan sinyal vermişti: Kabine değişikliği için hangi bakanların ismi geçiyor? - Cumhuriyet,Google News,kabine değişikliği
2024-10-14,Kabine değişikliği olacak mı? Gözler Cumhurbaşkanı Erdoğan'da - TGRT Haber,Google News,kabine değişikliği
2024-10-14,Hangi bakanlar değişecek | Abdulkadir SELVİ Köşe Yazısı - Hürriyet,Google News,kabine değişikliği
2024-10-14,"SON DAKİKA: Kabine toplanıyor! Ekim 2024 Kabine toplantısı ne zaman, saat kaçta? - İstanbul Ticaret Gazetesi",Google News,kabine değişikliği
2024-10-14,Turks seek to lower their credit card limits after proposed law - Reuters,Reuters,inflation Turkey
2024-10-14,Turks seek to lower their credit card limits after proposed law - Reuters,Reuters,Erdogan
2024-10-14,Turks seek to lower their credit card limits after proposed law - Reuters,Reuters,Turkey president
2024-10-14,Turks seek to lower their credit card limits after proposed law - Reuters,Reuters,interest rate decision
2024-10-14,Turks seek to lower their credit card limits after proposed law - Reuters,Reuters,parliament Turkey
2024-10-15,14 Ekim 2024 Tarihli Resmi Gazete’de Bakanlık Atamalarının Yayınlandığı İddiası Doğru mu? - Doğruluk Payı,Google News,kabine değişikliği
2024-10-15,"YENİ KABİNE LİSTESİ BELLİ OLDU MU? Kabine değişecek mi? Hangi bakanlar değişiyor? Abdulkadir Selvi, Cumhurbaşkanı Erdoğan'ın sözlerini yorumladı - Hürriyet",Google News,kabine değişikliği
2024-10-15,Üç ayrı Kabine listesi dolaşıyor | Abdulkadir SELVİ Köşe Yazısı - Hürriyet,Google News,kabine değişikliği
2024-10-16,AKP'de yine Kabine değişimi beklentisi: Erdoğan'ın iki dudağı arasında - Evrensel.net,Google News,kabine değişikliği
2024-10-16,Kabine değişikliği kulisleri: Berat Albayrak geri dönebilir - Kısa Dalga,Google News,kabine değişikliği
2024-10-16,Kabine değişikliği Resmi Gazete 16 Ekim 2024 | Yeni kabine değişikliği son dakika gelişmeleri - Sporx.com,Google News,kabine değişikliği
2024-10-17,Kabine değişikliği gündemde: Bu 5 bakanın yeri sağlam - Alanya Postası,Google News,kabine değişikliği
2024-10-18,Yusuf Tekin'den Kabine değişikliği açıklaması - Sakarya Yenihaber,Google News,kabine değişikliği
2024-10-18,Kabine değişikliği mesajı: Süreçle ilgili millet en çok beni konuşuyor - Memurlar.Net,Google News,kabine değişikliği
2024-10-18,Yusuf Tekin'den kabine değişikliği açıklaması: En çok beni konuşuyorlar - Ensonhaber,Google News,kabine değişikliği
2024-10-19,"Erdoğan mesajı verdi, kulisler hareketlendi: Kaç bakan değişecek? - Ekonomim",Google News,kabine değişikliği
2024-10-20,Irak Kürdistan Bölgesel Yönetimi seçimleri: KDP sandıktan birinci çıktı - BBC,Google News,Türkiye seçimi
2024-10-20,Türkiye’deki kadın cinayetleri Londra’da da protesto edildi - Evrensel.net,Google News,protesto Türkiye
2024-10-21,2018'den Bu Yana 10 Bakan Görevden Ayrıldı - Doğruluk Payı,Google News,kabine değişikliği
2024-10-21,Fethullah Gulen: Turkish cleric accused of planning 2016 attempted coup dies - BBC,BBC News,coup attempt Turkey
2024-10-21,Ekrem İmamoğlu: 'Bu seçimi kaybedersek bir tek muhalefet olarak biz kaybederiz' - BBC,Google News,Türkiye seçimi
2024-10-21,Fethullah Gulen: Turkish cleric accused of planning 2016 attempted coup dies - BBC,BBC News,Turkey protests
2024-10-24,Brothers open Turkish eatery in former bank in March - BBC,BBC News,central bank Turkey
2024-10-24,Turkey strikes Kurdish sites after attack kills five near Ankara - BBC,BBC News,Turkey protests
2024-10-28,ABD başkanlık seçimi ne zaman? Türkiye açısından hangi adayın ABD Başkanı olması daha iyi? - Sözcü,Google News,Türkiye seçimi
2024-10-28,"Türkiye'nin hava operasyonları protesto edildi: ""Ülkede ve sınır ötesinde barış"" - Evrensel.net",Google News,protesto Türkiye
2024-10-30,ABD'de yaşayan Türkler seçim sürecinde ne kadar etkili? - DW,Google News,Türkiye seçimi
2024-10-30,ABD Seçimleri 2024: Yeni başkan dünyanın kaderini nasıl değiştirebilir? - BBC,Google News,Türkiye seçimi
2024-11-02,James Cleverly rules out frontbench role under new Tory leader - BBC,BBC News,cabinet reshuffle
2024-11-04,"KABİNE DEĞİŞİKLİĞİ OLACAK MI 2024? Hangi bakanlar değişecek, yeni kabine belli oldu mu? Gözler Cumhurbaşkanı Erdoğan'da! - Hürriyet",Google News,kabine değişikliği
2024-11-04,"Mardin, Batman ve Halfeti'de kayyuma protesto - DW",Google News,protesto Türkiye
2024-11-04,ABD seçim sonuçları 2024: Trump-Harris yarışının galibi ne zaman belli olacak? - BBC,Google News,Türkiye seçimi
2024-11-04,Nijerya'da kabine değişikliği yapıldı - TRT Haber,Google News,kabine değişikliği
2024-11-05,Aile hekimleri neden iş bırakıyor? - BBC,Google News,protesto Türkiye
2024-11-05,Türkiye'de seçimler ne zaman? Milletvekili Genel seçimleri ve Cumhurbaşkanlığı seçimi tarihi - Hürriyet,Google News,Türkiye seçimi
2024-11-06,İsrail ordusu ve Şin Bet Netanyahu'ya karşı bir darbe mi planlıyor? - Şarkul Avsat Türkçe,Google News,askeri darbe girişimi
2024-11-06,ABD Seçimleri 2024: Kongre Cumhuriyetçi Parti kontrolüne geçti - BBC,Google News,Türkiye seçimi
2024-11-07,"Harris: Sonucu kabul etmeliyiz, seçilmiş Başkan Trump'ı tebrik ettim - BBC",Google News,Türkiye seçimi
2024-11-07,Ordusu da halkı da sokakta: İsrail'de darbe girişimi mi? - El-Aziz Gazetesi,Google News,askeri darbe girişimi
2024-11-08,Çin ekonomisi çöküyor: Altın ve döviz krizi başladı! - Kırım Haber Ajansı,Google News,döviz krizi
2024-11-10,10 Kasım anma töreni sırasında Esenyurt’ta protesto sesleri duyuldu - BBC,Google News,protesto Türkiye
2024-11-13,Samsun Büyükşehir’de Döviz Borçları Krizi: 75 Milyon Euro'luk Kredi Hangi Yükleri Getirdi? - Haber Expres,Google News,döviz krizi
2024-11-14,"Fransa - İsrail maçında tribünlerde arbede, stadyum dışında protesto - BBC",Google News,protesto Türkiye
2024-11-15,"Çok konuşulacak 'Kabine değişikliği' kulisi: Erdoğan işaret etti, gazeteci Sinan Burhan canlı yayında açıkladı - Cumhuriyet",Google News,kabine değişikliği
2024-11-19,Brezilya’da beş güvenlik mensubu darbe ve suikast girişimi suçlamasıyla tutuklandı - VOA Türkçe,Google News,askeri darbe girişimi
2024-11-20,Normalleşmeden sertleşmeye: CHP’den Ali Yerlikaya’ya protesto | Türkiye'nin gündemi kayyum - Medyascope,Google News,protesto Türkiye
2024-11-20,Will Labour’s plan to smash the asylum gangs really work? - BBC,BBC News,inflation Turkey
2024-11-20,"Brezilya'daki darbe girişiminde Lula'ya suikast iddiası: 4 asker, 1 polis tutuklandı - soL haber",Google News,askeri darbe girişimi
2024-11-23,Döviz krizi mi geliyor? Bankalar dolar kabul etmiyor - Sözcü,Google News,döviz krizi
2024-11-23,DEM Parti ve CHP Tunceli’de kayyum atamalarını protesto etti - VOA Türkçe,Google News,protesto Türkiye
2024-11-25,Isle of Man government cabinet shake-up sees three new ministers - BBC,BBC News,cabinet reshuffle
2024-11-27,Bursa'da çarşı esnafı elle inceleyerek döviz alımına devam ediyor - Bursada Bugün,Google News,döviz krizi
2024-11-27,Sahte dolar krizi sürüyor! - Bursada Bugün,Google News,döviz krizi
2024-11-27,SON DAKİKA HABERİ: Kapalıçarşı'da 'dolar' krizi! Döviz büroları alımı durdurdu - Milliyet,Google News,döviz krizi
2024-11-27,"Sahte dolar krizi Kapalı Çarşı'ya da sıçradı: Sahte dolar nasıl anlaşılır? Sahte 5,10,20,50,100 dolar nasıl... - Yeni Şafak",Google News,döviz krizi
2024-11-27,Piyasada sahte dolar krizi: Döviz büroları ile bankalar alımı durdurdu - Artı Gerçek,Google News,döviz krizi
2024-11-27,Sahte dolar krizi sürüyor: 'ATM'ler bile ayırt edemiyor' - Cumhuriyet,Google News,döviz krizi
2024-11-27,Sahte dolar krizi: Döviz büroları iş yapmıyor - Gazete Duvar,Google News,döviz krizi
2024-11-28,Antalya’da sahte dolar endişesi! - Antalya Ekspres,Google News,döviz krizi
2024-11-28,Sahte döviz krizi euro'ya uzandı: İstanbul'da sahte 3 milyon 600 bin euro ele geçirildi - Artı Gerçek,Google News,döviz krizi
2024-11-28,"Sahte dolar krizi: Nereden geliyor, gerçeği nasıl anlaşılır? - Gazete Duvar",Google News,döviz krizi
2024-11-28,Sahte dolar krizi: Merkez Bankası ve TBB mücadele için 'hassasiyetle çalışıyor' - Diken,Google News,döviz krizi
2024-11-28,"MYNET ÖZEL | Dolar krizi beklenenden çok daha büyük! Tek tek şehirleri saydı: Ankara, İstanbul, Antalya, İzmir, Samsun... Sahte doları nasıl anlarsınız? - Mynet Finans",Google News,döviz krizi
2024-11-28,Sahte dolar krizi: Güneydoğu’dan giriş yapan dolarlar piyasayı sarstı - 24 Saat Gazetesi,Google News,döviz krizi
2024-11-28,Sahte döviz krizi: Alım-satım işlemleri durma noktasına geldi - Evrensel.net,Google News,döviz krizi
2024-11-28,Sahte Dolar Krizi Piyasaları Karıştırdı - Yalova Gazetesi,Google News,döviz krizi
2024-11-28,"Sahte dolar krizi! Kapalıçarşı alarma geçti, soruşturma başlatıldı (Sahte dolar nasıl anlaşılır?) - NTV Haber",Google News,döviz krizi
2024-11-28,Adana'da döviz büroları dolar alımını durdurdu - Gazete Duvar,Google News,döviz krizi
2024-11-28,Sahte dolar krizi 'Euro'ya da sıçradı! İstanbul'da sahte milyonlar ele geçirildi: Eş zamanlı operasyonlar başladı - Mynet Finans,Google News,döviz krizi
2024-11-28,Kapalıçarşı esnafı ve bankalar kırmızı alarm verdi! Piyasada sahte dolar krizi - Türkiye Gazetesi,Google News,döviz krizi
2024-11-28,Sahte dolar krizi… İzmir’de döviz alımları durdu! - Ege'de Sonsöz,Google News,döviz krizi
2024-11-28,"Piyasayı Sarsan 50 ve 100 Dolar Krizi: Döviz İşlemleri Durdu, Sahte Dolarların Giriş Yaptığı İl Ortaya Çıktı - Onedio",Google News,döviz krizi
2024-11-29,Sahte dolar krizi derinleşiyor! İstanbul'un ardından bir ilde daha alımlar durduruldu - Türkiye Gazetesi,Google News,döviz krizi
2024-11-29,Sahte dolar krizi piyasaları sarstı! Sahte dolar nasıl anlaşılır? - Özgür Kocaeli,Google News,döviz krizi
2024-11-29,Döviz piyasası uzmanları kendinden emin: Sahte dolar krizi 2 haftaya çözülür - Ensonhaber,Google News,döviz krizi
2024-11-29,İsrail ile ticaret: Cumhurbaşkanı Erdoğan İstanbul’da protesto edildi - Medyascope,Google News,protesto Türkiye
2024-11-29,"Sahte dolar krizi büyüyor: İşletmeci parasını bozduramıyor, döviz büroları komisyon istiyor - 10haber.net",Google News,döviz krizi
2024-11-29,Sahte dolar krizi büyüyor! Döviz büroları bu durumu fırsata çevirdi - Mynet Finans,Google News,döviz krizi
2024-11-29,'Sahte dolar' krizi Meclis gündeminde... CHP'li Deniz Demir: Döviz işlemleri durma noktasında - Cumhuriyet,Google News,döviz krizi
2024-11-29,Krizi fırsata çevirdiler! Döviz büroları dolar bozmak için komisyon mu istiyor? - Ekonomim,Google News,döviz krizi
2024-11-30,SON DAKİKA | Suriye'de Esed'e askeri darbe iddiası! Esed'den ilk açıklama - Sabah,Google News,askeri darbe girişimi
2024-11-30,Sahte dolar krizi çıkınca fırsatçılara gün doğdu - Ensonhaber,Google News,döviz krizi
2024-11-30,Suriye'de son dakika: Askeri darbe - Zafer Gazetesi,Google News,askeri darbe girişimi
2024-11-30,"Sahte dolar krizi: Fırsatçılara gün doğdu! Komisyon alıp, ucuza bozuyorlar - NTV Haber",Google News,döviz krizi
2024-12-02,"Morning Bid: Notre-Dame rebuilt, as Paris nears collapse - Reuters",Reuters,currency crisis
2024-12-02,'Erdoğan'ı protesto edip tutuklananlar bizden bağımsız hareket etti' - Euronews.com,Google News,protesto Türkiye
2024-12-02,Erdoğan konuşurken İsrail’le ticareti protesto eden 9 kişi tutuklandı - Medyascope,Google News,protesto Türkiye
2024-12-02,Erdoğan’ı İsrail'le devam eden ticaret için protesto eden 9 kişi tutuklandı - Bianet,Google News,protesto Türkiye
2024-12-03,Enflasyon rakamları açıklandı - Anadolu Ajansı,Google News,enflasyon
2024-12-03,"Enflasyon çok yüksek, yoksulun enflasyonu daha da yüksek! - Devrimci İşçi Sendikaları Konfederasyonu",Google News,enflasyon
2024-12-03,Türkiye destekli isyancılar Esad rejimini devirir mi? - DW,Google News,protesto Türkiye
2024-12-03,"Enflasyon: Kasım'da TÜİK'e göre yıllık yüzde 47, ekonomistler nasıl değerlendirdi? - BBC",Google News,enflasyon
2024-12-04,"Güney Koreli uzmana göre, ülkesindeki sıkıyönetim ilanı ""sivil darbe girişimi"" - Anadolu Ajansı",Google News,askeri darbe girişimi
2024-12-04,"Ticaret Bakanı Ömer Bolat, Kasım Ayı Enflasyon Verilerini Değerlendirdi - T.C. Ticaret Bakanlığı",Google News,enflasyon
2024-12-06,Suriye'nin başkenti Şam'da askeri darbe girişimi - Mepa News,Google News,askeri darbe girişimi
2024-12-09,"Rusya’da ambargo, Türkiye’de sahte döviz krizi: Rus turist ne yapacak? - Gazete Duvar",Google News,döviz krizi
2024-12-09,Rusya’dan Türkiye’ye turist akışı tehlikede: Ambargo ve döviz krizi - Turizm Güncel,Google News,döviz krizi
2024-12-10,Turkey's 3m Syrian refugees face big decision on going home or staying - BBC,BBC News,inflation Turkey
2024-12-10,Rus Turist Sayısında Ciddi Düşüş Yaşanabilir - Turizm Proje Dergisi,Google News,döviz krizi
2024-12-12,RSF: Türkiye'de adli kontrol hızla yaygınlaşıyor - DW,Google News,protesto Türkiye
2024-12-16,Christmas dinner set to cost less at the supermarket this year - BBC,BBC News,inflation Turkey
2024-12-16,Christmas dinner set to cost less at the supermarket this year - BBC,BBC News,interest rate Turkey
2024-12-18,Kocaeli'de dolar krizi çözüldü - Özgür Kocaeli,Google News,döviz krizi
2024-12-18,UK inflation rate – will prices keep rising? - BBC,BBC News,inflation Turkey
2024-12-18,UK inflation rate – will prices keep rising? - BBC,BBC News,interest rate Turkey
2024-12-19,"Putin says he should have launched full Ukraine invasion earlier, as he holds marathon live event - BBC",BBC News,interest rate Turkey
2024-12-20,Kenya cabinet reshuffle: President William Ruto reaches out to Uhuru Kenyatta - BBC,BBC News,cabinet reshuffle
2024-12-20,Suriye’de iki gazetecinin öldürülmesini protesto etmek isteyenlere Diyarbakır polisi izin vermedi - VOA Türkçe,Google News,protesto Türkiye
2024-12-22,Kent turkey farmer fears for industry's future - BBC,BBC News,inflation Turkey
2024-12-22,Kent turkey farmer fears for industry's future - BBC,BBC News,currency crisis Turkey
2024-12-23,"Erdoğan, Kongre'yi öne çekiyor: Beklenen Kabine değişikliği için tarih belli oluyor - Kısa Dalga",Google News,kabine değişikliği
2024-12-23,AKP kulisi: Kabine değişikliği için tarih belli oldu - Veryansın TV,Google News,kabine değişikliği
2024-12-23,"Erdoğan yönetiminde kritik gelişmeler: Yükselen oy oranları, kabine değişikliği iddiası - Yetkin Report",Google News,kabine değişikliği
2024-12-25,Yargıtay’dan ‘15 Temmuz darbe girişimi’ kararı: Müebbet alan 31 asker tahliye edildi - rudaw.net,Google News,askeri darbe girişimi
2024-12-25,15 Temmuz darbe girişimi nedeniyle müebbet hapse çarptırılan 31 er için tahliye kararı verildi - Euronews.com,Google News,askeri darbe girişimi
2024-12-25,Darbe girişiminden müebbet alan 31 ere tahliye kararı - Diken,Google News,askeri darbe girişimi
2024-12-25,Asgari ücret: Protesto kararı alan CHP'nin eylem planında ne var? - BBC,Google News,protesto Türkiye
2024-12-26,"Asgari ücrete sokaktan tepki: “İnsanlar açlığa, yoksulluğa mahkum ediliyor” - VOA Türkçe",Google News,protesto Türkiye
2024-12-26,Sahte dolar fırsatçılığı: 2 dolar kesinti yapıyorlar - Gazete Duvar,Google News,döviz krizi
2024-12-26,Sahte dolar fırsatçılığı: 100 dolar 98 dolar olarak bozuluyor - NTV Haber,Google News,döviz krizi
2024-12-27,100 dolar 98 dolara bozuluyor - Ekonomim,Google News,döviz krizi
2024-12-27,50 ve 100 dolar krizi! ATM'ler kabul etmiyor döviz büroları komisyon istiyor - Hür Haber,Google News,döviz krizi
2024-12-27,Sahte dolar krizi devam ediyor! Ne banka ne döviz bürosu çareyi bulamayınca uyanıklar işbaşına geçti - Gerçek Haberci,Google News,döviz krizi
2024-12-27,ATM'ler 50 dolar ve 100 dolar almıyor! Kriz fırsatçılığı hala devam ediyor - Milliyet,Google News,döviz krizi
2024-12-28,Sahte dolar krizi yaşanmıştı: Bankalar yeniden alıma başladı - T24,Google News,döviz krizi
2024-12-28,Hükümet ve işveren kararıyla belirlenmiş asgari ücret seçim çağrısıyla protesto edildi - VOA Türkçe,Google News,protesto Türkiye
2024-12-28,Sahte dolar krizi gündem olmuştu! Türkiye Bankalar Birliği'nden yeni açıklama - Mynet Finans,Google News,döviz krizi
2024-12-28,'Sahte dolar krizi'nde son dakika: Bankalar döviz kabul etmeye başladı mı? TBB son durumu açıkladı! - Dünya Gazetesi,Google News,döviz krizi
2024-12-29,ATM’lerde döviz işlemleri normale döndü - Kocaeli Fikir Gazetesi Son Dakika Kocaeli Haberleri - kocaelifikir.com,Google News,döviz krizi
2024-12-29,"TBB'den 'sahte dolar' açıklaması: Güncelleme bitti, döviz kabul ediyoruz - Diken",Google News,döviz krizi
2024-12-29,Sahte dolar krizi sonrası ATM'lerde yeni dönem başladı - Halk TV,Google News,döviz krizi
2024-12-29,Sahte dolar krizi sonrası yeni dönem: İşlemler yeniden başladı - 12punto,Google News,döviz krizi
2024-12-30,"ATM’LERDE DURDURULMUŞTU, YENİDEN BAŞLADI - Denizli Yeni Olay Haber",Google News,döviz krizi
